customerID,churn_probability
4376-KFVRS,0.36
2754-SDJRD,0.42
9917-KWRBE,0.36
0365-GXEZS,0.22
9385-NXKDA,0.35
4686-UXDML,0.31
2227-JRSJX,0.31
4830-FAXFM,0.29
1830-IPXVJ,0.35
4690-LLKUA,0.3
5804-HYIEZ,0.37
2388-LAESQ,0.42
5533-RJFTJ,0.37
4706-AXVKM,0.32
0997-YTLNY,0.25
7971-HLVXI,0.35
7337-CINUD,0.25
1379-FRVEB,0.27
4753-PADAS,0.37
5701-GUXDC,0.33
7235-NXZCP,0.5
0668-OGMHD,0.26
2812-REYAT,0.39
8779-YIQQA,0.3
9701-CDXHR,0.41
7130-CTCUS,0.36
1894-IGFSG,0.3
0871-URUWO,0.28
0057-QBUQH,0.38
9611-CTWIH,0.45
8058-DMYRU,0.36
5351-QESIO,0.26
4302-ZYFEL,0.34
6134-KWTBV,0.34
2034-GDRCN,0.47
9544-PYPSJ,0.37
4208-UFFGW,0.43
9537-JALFH,0.34
4415-IJZTP,0.42
4701-MLJPN,0.31
7515-LODFU,0.36
4927-WWOOZ,0.47
4067-HLYQI,0.35
6184-DYUOB,0.26
9209-NWPGU,0.4
9851-KIELU,0.35
3199-XGZCY,0.34
4226-KKDON,0.24
1085-LDWAM,0.34
6825-UYPFK,0.32
1767-CJKBA,0.32
7181-BQYBV,0.52
0178-CIIKR,0.26
4256-ZWTZI,0.32
9537-VHDTA,0.33
2754-XBHTB,0.35
5975-BAICR,0.36
3301-VKTGC,0.32
2877-VDUER,0.32
7717-BICXI,0.34
0562-FGDCR,0.37
3705-PSNGL,0.4
0048-LUMLS,0.31
6497-TILVL,0.3
2108-YKQTY,0.31
3658-KIBGF,0.33
5482-NUPNA,0.26
7410-KTVFV,0.22
9033-EOXWV,0.23
8821-XNHVZ,0.52
8224-KDLKN,0.32
4825-FUREZ,0.41
7534-BFESC,0.36
9138-EFSMO,0.32
4227-OJHAL,0.36
7279-NMVJC,0.27
8591-TKMZH,0.32
9283-LZQOH,0.28
3594-IVHJZ,0.25
1945-XISKS,0.34
4359-INNWN,0.27
7649-SIJJF,0.35
9254-RBFON,0.25
0970-ETWGE,0.51
7762-ONLJY,0.25
6710-HSJRD,0.33
8873-GLDMH,0.31
9907-SWKKF,0.41
4658-HCOHW,0.32
9330-VOFSZ,0.33
2860-RANUS,0.38
6234-PFPXL,0.3
7205-BAIAD,0.43
3858-VOBET,0.34
5103-MHMHY,0.4
6119-SPUDB,0.32
9389-ACWBI,0.36
3454-JFUBC,0.36
1768-ZAIFU,0.41
7017-VFULY,0.25
9221-OTIVJ,0.37
2482-CZGBB,0.25
7018-WBJNK,0.24
3331-HQDTW,0.34
4695-VADHF,0.27
4086-WITJG,0.34
6297-NOOPG,0.36
8777-PVYGU,0.4
4378-MYPGO,0.37
9313-CDOGY,0.42
4121-AGSIN,0.35
0432-CAJZV,0.45
9097-ZUBYC,0.23
9638-JIQYA,0.24
1024-GUALD,0.28
8024-XNAFQ,0.42
7587-RZNME,0.18
1346-UFHAX,0.24
6374-NTQLP,0.42
6625-FLENO,0.35
7375-WMVMT,0.4
6910-HADCM,0.51
7401-JIXNM,0.32
7338-ERIVA,0.31
5376-DEQCP,0.46
0909-SELIE,0.31
5419-KLXBN,0.29
0365-TRTPY,0.31
6712-OAWRH,0.34
2428-ZMCTB,0.26
1963-VAUKV,0.28
9381-NDKME,0.32
3729-OWRVL,0.39
0895-LMRSF,0.33
2676-SSLTO,0.4
8495-PRWFH,0.39
9030-QGZNL,0.25
9972-NKTFD,0.29
7998-WNZEM,0.34
0979-PHULV,0.36
6445-TNRXS,0.36
9586-JGQKH,0.35
3966-HRMZA,0.53
5498-IBWPI,0.29
6823-SIDFQ,0.37
2323-ARSVR,0.36
5468-BPMMO,0.39
0486-HECZI,0.33
2178-PMGCJ,0.29
4660-IRIBM,0.25
9674-EHPPG,0.32
5606-AMZBO,0.32
0665-XHDJU,0.36
5402-HTOTQ,0.27
8258-GSTJK,0.57
3787-TRIAL,0.25
6175-IRFIT,0.46
6317-YPKDH,0.24
5692-FPTAH,0.36
5373-SFODM,0.35
0868-VJRDR,0.35
4079-VTGLK,0.35
1166-PQLGG,0.34
5296-BFCYD,0.4
6568-POCUI,0.31
2839-RFSQE,0.25
2188-SXWVT,0.32
8849-GYOKR,0.35
3623-FQBOX,0.29
2649-HWLYB,0.37
0599-XNYDO,0.28
2514-GINMM,0.51
8401-EMUWF,0.4
5766-ZJYBB,0.28
2604-IJPDU,0.29
2501-XWWTZ,0.21
6370-ZVHDV,0.32
3027-YNWZU,0.32
4526-ZJJTM,0.31
0440-QEXBZ,0.31
0330-IVZHA,0.36
9758-MFWGD,0.39
4229-CZMLL,0.39
0742-MOABM,0.31
4277-BWBML,0.34
5136-GFPMB,0.32
7520-HQWJU,0.41
6304-IJFSQ,0.33
0297-RBCSG,0.3
6013-BHCAW,0.31
4402-FTBXC,0.32
1471-GIQKQ,0.32
4283-FUTGF,0.38
9548-LERKT,0.34
8059-UDZFY,0.36
0410-IPFTY,0.32
2478-EEWWM,0.3
4619-EVPHY,0.4
2277-DJJDL,0.37
2911-WDXMV,0.22
3639-XJHKQ,0.29
8173-RXAYP,0.33
4537-CIBHB,0.27
5442-BXVND,0.4
2308-STERM,0.25
7159-NOKYQ,0.34
6075-QMNRR,0.31
3694-GLTJM,0.27
9629-NHXFW,0.28
7167-PCEYD,0.35
2748-MYRVK,0.34
4223-WOZCM,0.47
6946-LMSQS,0.31
5469-NUJUR,0.29
6388-TABGU,0.36
1261-FWTTE,0.31
8590-YFFQO,0.39
0082-OQIQY,0.28
9465-RWMXL,0.32
2930-UOTMB,0.35
9128-CPXKI,0.31
0484-FFVBJ,0.35
1100-DDVRV,0.21
9313-QOLTZ,0.38
3338-CVVEH,0.27
1131-SUEKT,0.32
7602-DBTOU,0.34
1385-TQOZW,0.27
6892-XPFPU,0.37
4115-NZRKS,0.4
5514-YQENT,0.35
6319-IEJWJ,0.28
8849-AYPTR,0.3
5893-PYOLZ,0.35
7180-PISOG,0.42
8443-ZRDBZ,0.45
9079-YEXQJ,0.35
3780-YVMFA,0.27
6968-MHOMU,0.31
0899-LIIBW,0.34
3677-IYRBF,0.44
8393-DLHGA,0.3
7691-XVTZH,0.33
5360-LJCNJ,0.37
3891-PUQOD,0.33
0952-KMEEH,0.27
4919-IKATY,0.42
9746-UGFAC,0.3
9108-EQPNQ,0.19
0531-ZZJWQ,0.36
8763-KIAFH,0.38
5863-OOKCL,0.25
2958-NHPPS,0.32
9530-GRMJG,0.36
1809-DMJHQ,0.36
0164-XAIRP,0.33
2926-JEJJC,0.25
1169-WCVAK,0.26
1217-VASWC,0.37
2452-KDRRH,0.4
6402-EJMWF,0.31
7663-CUXZB,0.32
4312-KFRXN,0.32
3011-WQKSZ,0.29
9747-DDZOS,0.43
2091-MJTFX,0.3
0388-EOPEX,0.42
3161-ONRWK,0.4
2587-EKXTS,0.35
9752-ZNQUT,0.35
9572-WUKSB,0.2
3836-FZSDJ,0.34
8805-JNRAZ,0.34
3069-SSVSN,0.22
8015-IHCGW,0.36
8132-YPVBX,0.41
0235-KGSLC,0.49
1302-UHBDD,0.4
3722-WPXTK,0.52
7531-GQHME,0.25
1335-NTIUC,0.21
9367-TCUYN,0.25
1536-HBSWP,0.32
8573-JGCZW,0.27
2694-CIUMO,0.24
2027-FECZV,0.3
9103-TCIHJ,0.27
1545-JFUML,0.36
0524-IAVZO,0.31
5519-TEEUH,0.4
6654-QGBZZ,0.28
2294-DMMUS,0.36
0017-IUDMW,0.36
5018-LXQQG,0.35
5808-TOTXO,0.26
1174-FGIFN,0.29
0730-KOAVE,0.29
1218-VKFPE,0.25
5313-FPXWG,0.38
2834-JKOOW,0.25
9430-NKQLY,0.32
0363-QJVFX,0.33
1658-TJVOA,0.36
6685-GBWJZ,0.36
6328-ZPBGN,0.34
4003-FUSHP,0.28
7690-KPNCU,0.36
2969-WGHQO,0.32
1855-CFULU,0.35
9788-YTFGE,0.26
8266-VBFQL,0.44
2325-NBPZG,0.39
9906-NHHVC,0.37
2541-YGPKE,0.4
5049-MUBWG,0.35
2332-TODQS,0.36
4419-UJMUS,0.36
2233-TXSIU,0.21
6770-XUAGN,0.28
2919-HBCJO,0.46
9508-ILZDG,0.36
5442-BHQNG,0.41
7250-EQKIY,0.36
6838-HVLXG,0.25
9767-FFLEM,0.4
2245-ADZFJ,0.31
1150-WFARN,0.36
9054-FOWNV,0.3
7997-EASSD,0.32
7560-QJAVJ,0.36
2668-TZSPS,0.28
9139-WQQDY,0.36
6726-NNFWD,0.39
9330-DHBFL,0.34
5727-MYATE,0.34
2824-DXNKN,0.35
6166-ILMNY,0.48
5236-XMZJY,0.37
1709-EJDOX,0.39
4962-CHQPW,0.36
0301-FIDRB,0.38
1820-TQVEV,0.48
9115-YQHGA,0.34
1541-ETJZO,0.33
6230-BSUXY,0.52
6797-LNAQX,0.35
9588-YRFHY,0.39
1092-GANHU,0.23
5951-AOFIH,0.37
7029-RPUAV,0.39
4700-UBQMV,0.31
3594-UVONA,0.31
7750-EYXWZ,0.23
7054-ENNGU,0.32
0402-OAMEN,0.34
2195-VVRJF,0.38
8819-ZBYNA,0.31
7748-UMTRK,0.36
1741-WTPON,0.33
7209-JCUDS,0.33
2485-ITVKB,0.21
9648-BCHKM,0.28
0743-HRVFF,0.36
2522-AHJXR,0.33
9143-CANJF,0.29
1444-VVSGW,0.36
6898-MDLZW,0.28
0074-HDKDG,0.3
3982-JGSFD,0.42
7928-VJYAB,0.28
1522-VVDMG,0.39
2665-NPTGL,0.36
8728-SKJLR,0.4
7733-UDMTP,0.35
0431-APWVY,0.29
5081-NWSUP,0.23
2746-DIJLO,0.35
7277-OZCGZ,0.3
5236-PERKL,0.31
2788-CJQAQ,0.25
3096-WPXBT,0.33
9962-BFPDU,0.28
2892-GESUL,0.29
9741-YLNTD,0.43
1205-WNWPJ,0.24
3173-NVMPX,0.32
9661-MHUMO,0.45
6000-APYLU,0.33
0048-PIHNL,0.39
9420-LOJKX,0.28
7061-OVMIM,0.38
5671-RQRLP,0.4
5129-JLPIS,0.35
5170-PTRKA,0.31
4819-HJPIW,0.24
8780-RSYYU,0.37
2335-GSODA,0.3
5696-CEIQJ,0.36
6169-PPETC,0.42
4237-RLAQD,0.4
7359-WWYJV,0.36
8620-RJPZN,0.28
7426-WEIJX,0.32
7629-WIXZF,0.24
2616-FLVQC,0.34
9163-GHAYE,0.23
4464-JCOLN,0.25
2971-SGAFL,0.24
4735-ASGMA,0.32
5245-VDBUR,0.32
1493-AMTIE,0.28
1112-CUNAO,0.37
7571-YXDAD,0.45
8714-EUHJO,0.29
9040-KZVWO,0.32
6713-OKOMC,0.21
8749-CLJXC,0.28
4713-LZDRV,0.55
6598-RFFVI,0.25
7470-MCQTK,0.24
5524-KHNJP,0.37
1707-HABPF,0.34
4581-LNWUM,0.23
9710-ZUSHQ,0.36
1697-LYYYX,0.34
4013-GUXND,0.28
5022-JNQEQ,0.35
4983-CCWMC,0.45
6345-FZOQH,0.34
0962-CQPWQ,0.34
5495-GPSRW,0.29
2252-JHJGE,0.34
7356-AYNJP,0.27
2019-HDCZY,0.34
8582-KRHPJ,0.32
2867-UIMSS,0.5
3487-EARAT,0.36
9926-PJHDQ,0.38
0289-IVARM,0.36
4672-FOTSD,0.26
6198-PNNSZ,0.33
7603-USHJS,0.21
6784-XYJAE,0.34
3858-XHYJO,0.35
1087-UDSIH,0.26
7251-LJBQN,0.38
3200-MNQTF,0.36
9359-UGBTK,0.35
8160-HOWOX,0.27
0258-NOKBL,0.45
2800-QQUSO,0.35
2129-ALKBS,0.4
9972-VAFJJ,0.36
4693-VWVBO,0.26
6969-MVBAI,0.38
4821-WQOYN,0.34
6769-DYBQN,0.35
4018-PPNDW,0.34
6288-CHQJB,0.38
4905-JEFDW,0.22
0559-CKHUS,0.36
2659-VXMWZ,0.36
6559-RAKOZ,0.35
8809-XKHMD,0.36
6365-HITVU,0.33
0134-XWXCE,0.36
9720-JJJOR,0.38
2782-LFZVW,0.23
6112-KTHFQ,0.25
9220-ZNKJI,0.36
9820-RMCQV,0.25
9013-AQORL,0.32
2040-OBMLJ,0.32
5574-NXZIU,0.34
5446-DKWYW,0.4
0480-KYJVA,0.34
1074-AMIOH,0.36
0015-UOCOJ,0.38
0256-LTHVJ,0.3
4547-LYTDD,0.19
1077-HUUJM,0.26
2041-JIJCI,0.28
1555-HAPSU,0.34
4323-SADQS,0.22
3292-PBZEJ,0.36
6203-HBZPA,0.4
9755-JHNMN,0.41
7369-TRPFD,0.29
9878-TNQGW,0.49
2279-AXJJK,0.33
5016-IBERQ,0.32
1016-DJTSV,0.33
8433-WPJTV,0.39
8903-XEBGX,0.33
2632-TACXW,0.34
7952-OBOYL,0.45
1470-PSXNM,0.33
6227-HWPWX,0.26
5924-SNGKP,0.41
8818-DOPVL,0.37
4521-WFJAI,0.34
4724-WXVWF,0.32
3717-OEAUQ,0.43
8165-ZJRNM,0.34
7838-LAZFO,0.37
0513-RBGPE,0.35
7251-XFOIL,0.3
2525-GVKQU,0.34
7579-OOPEC,0.48
3795-GWTRD,0.35
4750-ZRXIU,0.46
5445-PZWGX,0.34
0516-UXRMT,0.33
0727-BNRLG,0.36
3932-CMDTD,0.47
1264-FUHCX,0.35
6194-HBGQN,0.34
4524-QCSSM,0.29
4570-QHXHL,0.22
2972-YDYUW,0.3
2061-VVFST,0.41
6874-SGLHU,0.31
9844-FELAJ,0.42
1902-XBTFB,0.3
9039-RBEEE,0.3
9369-XFEHK,0.35
3680-CTHUH,0.33
3679-XASPY,0.28
9089-UOWJG,0.23
1574-DYCWE,0.39
9779-DPNEJ,0.3
2967-MXRAV,0.29
0327-WFZSY,0.35
1731-TVIUK,0.45
7666-WKRON,0.35
3865-ZYKAD,0.4
1465-LNTLJ,0.28
2696-RZVZW,0.32
0685-MLYYM,0.47
2778-OCLGR,0.33
3982-XWFZQ,0.31
4759-PXTAN,0.33
1448-PWKYE,0.52
8741-LQOBK,0.33
8650-RHRKE,0.21
7266-GSSJX,0.26
1265-HVPZB,0.4
9640-ZSLDC,0.39
0988-JRWWP,0.36
1926-QUZNN,0.32
9025-ZRPVR,0.27
6527-PZFPV,0.33
7460-ITWWP,0.32
1530-ZTDOZ,0.32
4785-FCIFB,0.34
9717-QEBGU,0.42
0876-WDUUZ,0.42
7881-EVUAD,0.21
4002-BQWPQ,0.33
6377-WHAOX,0.33
5027-YOCXN,0.35
8450-JOVAH,0.32
6646-QVXLR,0.39
0254-KCJGT,0.35
3442-ZHHCC,0.38
9167-APMXZ,0.31
0616-ATFGB,0.41
7273-TEFQD,0.35
8245-UMPYT,0.36
6022-UGGSO,0.36
6292-TOSSS,0.36
5207-PLSTK,0.35
3908-BLSYF,0.39
4317-VTEOA,0.34
0625-AFOHS,0.36
4667-OHGKG,0.29
2386-OWURY,0.3
3780-DDGSE,0.37
1047-RNXZV,0.4
3926-YZVVX,0.3
4742-TXUEX,0.38
8709-KRDVL,0.34
0397-ZXWQF,0.34
3910-MRQOY,0.34
2511-MORQY,0.35
4039-PIMHX,0.33
8083-YTZES,0.39
1346-PJWTK,0.31
3750-YHRYO,0.26
1236-WFCDV,0.34
5949-HGVJL,0.3
9112-WSNPU,0.34
1360-JYXKQ,0.41
3585-ISXZP,0.38
8380-PEFPE,0.43
9402-ROUMJ,0.36
4335-UPJSI,0.34
6096-EGVTU,0.32
8988-ECPJR,0.35
7677-SJJJK,0.25
5850-BDWCY,0.25
2025-JKFWI,0.27
8028-PNXHQ,0.34
8397-MVTAZ,0.34
4445-ZJNMU,0.36
3125-RAHBV,0.3
6682-QJDGB,0.35
8840-DQLGN,0.36
6258-NGCNG,0.26
5917-RYRMG,0.41
7157-SMCFK,0.35
0816-TSPHQ,0.25
6766-HFKLA,0.34
7067-KSAZT,0.39
5155-AZQPB,0.26
6890-PFRQX,0.24
3508-VLHCZ,0.34
3649-JPUGY,0.33
9248-OJYKK,0.57
7239-HZZCX,0.29
9860-LISIZ,0.4
6979-ZNSFF,0.35
8938-UMKPI,0.36
1820-DJFPH,0.34
0732-OCQOC,0.36
6776-TLWOI,0.26
4940-KHCWD,0.29
9057-SIHCH,0.47
9866-QEVEE,0.24
5542-TBBWB,0.5
4587-VVTOX,0.44
6322-HRPFA,0.36
6284-AHOOQ,0.39
4530-NDRKU,0.4
1751-NCDLI,0.37
3893-JRNFS,0.3
5857-XRECV,0.25
3115-CZMZD,0.28
4489-SNOJF,0.35
1051-GEJLJ,0.25
3563-SVYLG,0.37
4301-VVZKA,0.22
9351-HXDMR,0.36
5161-XEUVX,0.31
3088-FVYWK,0.36
9812-GHVRI,0.37
1370-GGAWX,0.32
6023-YEBUP,0.48
9940-RHLFB,0.44
4541-RMRLG,0.26
2606-RMDHZ,0.23
5575-TPIZQ,0.33
9378-FXTIZ,0.38
4631-OACRM,0.33
8593-WHYHV,0.43
1403-GYAFU,0.34
7641-TQFHN,0.35
4237-CLSMM,0.25
4360-PNRQB,0.24
5334-AFQJB,0.34
9308-ANMVE,0.36
3530-VWVGU,0.3
4674-HGNUA,0.33
3030-YDNRM,0.34
3642-BYHDO,0.34
0440-UEDAI,0.33
9819-FBNSV,0.37
9289-LBQVU,0.37
4468-YDOVK,0.33
2001-EWBQU,0.34
9992-UJOEL,0.35
8409-WQJUX,0.3
3077-RSNTJ,0.25
6993-YCOBK,0.33
4817-VYYWS,0.33
4702-HDRKD,0.29
3251-YMVWZ,0.39
4190-MFLUW,0.27
4678-DVQEO,0.32
4701-AHWMW,0.35
2987-BJXIK,0.35
1730-VFMWO,0.26
1936-UAFEH,0.36
5140-FOMCQ,0.32
8778-LMWTJ,0.33
9840-DVNDC,0.41
8033-VCZGH,0.36
8580-QVLOC,0.41
6128-AQBMT,0.37
6257-RJOHI,0.31
1929-ZCBHE,0.32
6242-SGYTS,0.32
7010-ZMVBF,0.29
3519-ZKXGG,0.47
5666-MBJPT,0.32
3313-QKNKB,0.3
7581-EBBOU,0.36
1784-BXEFA,0.25
7492-TAFJD,0.21
5213-TWWJU,0.28
3312-ZWLGF,0.35
2923-ARZLG,0.28
7032-LMBHI,0.37
8292-ITGYJ,0.39
9107-UKCKY,0.33
6848-HJTXY,0.34
4184-VODJZ,0.32
4846-WHAFZ,0.37
8735-SDUFN,0.36
0839-JTCUD,0.32
6857-VWJDT,0.51
7363-QTBIW,0.36
6158-HDPXZ,0.22
5419-CONWX,0.47
9286-DOJGF,0.39
2408-PSJVE,0.38
2087-QAREY,0.29
6777-TGHTM,0.36
6507-ZJSUR,0.33
5025-GOOKI,0.29
6080-LNESI,0.37
2236-HILPA,0.34
1386-ZIKUV,0.26
3365-SAIGS,0.21
6061-GWWAV,0.38
9979-RGMZT,0.39
8445-DNBAE,0.32
6872-HXFNF,0.35
1320-HTRDR,0.44
3923-CSIHK,0.36
2446-ZKVAF,0.27
4640-UHDOS,0.25
5457-COLHT,0.34
2254-DLXRI,0.51
5339-PXDVH,0.44
2386-LAHRK,0.33
5062-CJJKH,0.3
8930-XOTDP,0.27
4779-ZGICK,0.39
9534-NSXEM,0.38
3716-BDVDB,0.44
9842-EFSYY,0.26
9122-UMROB,0.28
1867-BDVFH,0.26
5949-EBSQK,0.26
4160-AMJTL,0.3
8622-ZLFKO,0.41
2990-IAJSV,0.35
6064-ZATLR,0.3
7409-KIUTL,0.49
5505-OVWQW,0.27
3948-KXDUF,0.42
9814-AOUDH,0.38
7398-LXGYX,0.36
5266-PFRQK,0.39
1568-BEKZM,0.39
2692-PFYTJ,0.22
2533-QVMSK,0.31
5828-AVIPD,0.3
2907-ILJBN,0.26
5226-NOZFC,0.28
7114-AEOZE,0.34
2202-CUYXZ,0.48
3466-RITXD,0.3
7278-CKDNC,0.33
1956-YIFGE,0.32
0422-UXFAP,0.35
3733-UOCWF,0.34
7191-ADRGF,0.36
5709-LVOEQ,0.49
6034-YMTOB,0.43
6372-RFVNS,0.51
9052-DHNKM,0.3
5609-IMCGG,0.25
2959-MJHIC,0.46
1319-YLZJG,0.24
7623-TRNQN,0.32
0377-JBKKT,0.29
1936-CZAKF,0.3
5063-IUOKK,0.26
8646-JCOMS,0.33
0979-MOZQI,0.31
1525-LNLOJ,0.37
5759-RCVCB,0.18
9968-FFVVH,0.42
2266-FUBDZ,0.26
4760-THGOT,0.31
2307-FYNNL,0.39
1143-NMNQJ,0.47
1629-DQQVB,0.22
3766-EJLFL,0.36
8457-XIGKN,0.29
4981-FLTMF,0.39
7606-BPHHN,0.35
7005-CCBKV,0.39
4648-YPBTM,0.38
2325-ZUSFD,0.35
1240-KNSEZ,0.28
0430-IHCDJ,0.23
7957-RYHQD,0.36
6164-HAQTX,0.35
0749-IRGQE,0.3
1227-UDMZR,0.33
5473-KHBPS,0.33
5297-MDOIR,0.32
8873-TMKGR,0.36
6481-ESCNL,0.33
0463-WZZKO,0.26
1038-RQOST,0.29
4937-QPZPO,0.33
3604-WLABM,0.29
1360-XFJMR,0.36
8717-VCTXJ,0.4
5196-SGOAK,0.46
8739-XNIKG,0.42
2320-TZRRH,0.29
5186-SAMNZ,0.53
5760-FXFVO,0.43
5380-WJKOV,0.34
4703-MQYKT,0.29
2001-MCUUW,0.36
4947-DSMXK,0.33
0076-LVEPS,0.28
5566-SOEZD,0.31
7408-OFWXJ,0.33
1097-FSPVW,0.36
4412-YLTKF,0.35
0420-TXVSG,0.4
7817-BOQPW,0.45
0963-ZBDRN,0.31
9685-WKZGT,0.34
2139-FQHLM,0.26
5825-XJOCM,0.39
0004-TLHLJ,0.38
7529-ZDFXI,0.36
6848-YLDFR,0.35
5820-PTRYM,0.39
2984-RGEYA,0.35
6434-TTGJP,0.29
9643-AVVWI,0.49
3506-OVLKD,0.38
4946-EDSEW,0.26
2924-KHUVI,0.34
2263-SFSQZ,0.36
5281-BUZGT,0.34
3717-FDJFU,0.27
2239-CFOUJ,0.28
8699-ASUFO,0.39
1122-YJBCS,0.35
0628-CNQRM,0.33
1705-GUHPV,0.34
4877-TSOFF,0.37
7404-JLKQG,0.28
0379-DJQHR,0.33
8993-PHFWD,0.19
3930-ZGWVE,0.29
1965-DDBWU,0.23
7572-KPVKK,0.35
6854-EXGSF,0.23
9483-GCPWE,0.27
8053-WWDRO,0.25
9473-CBZOP,0.3
3985-HOYPM,0.38
8378-LKJAF,0.36
1310-QRITU,0.22
3237-AJGEH,0.21
6542-LWGXJ,0.21
6953-PBDIN,0.36
6332-FBZRI,0.4
9365-CSLBQ,0.34
3466-WAESX,0.25
9700-ISPUP,0.23
5167-ZFFMM,0.51
7669-LCRSD,0.22
0870-VEMYL,0.34
2995-UPRYS,0.37
3179-GBRWV,0.4
0701-TJSEF,0.31
1848-LBZHY,0.29
5380-XPJNZ,0.43
6608-QQLVK,0.36
1475-VWVDO,0.37
3721-CNEYS,0.43
4299-OPXEJ,0.36
0096-BXERS,0.32
3055-VTCGS,0.36
9405-GPBBG,0.34
6704-UTUKK,0.3
9944-AEXBM,0.28
2545-EBUPK,0.45
6270-OMFIW,0.31
1852-XEMDW,0.32
8158-WPEZG,0.23
5198-EFNBM,0.37
7663-RGWBC,0.2
3970-XGJDU,0.34
6845-RGTYS,0.34
0123-CRBRT,0.3
6077-BDPXA,0.38
2250-IVBWA,0.32
6137-NICCO,0.42
8129-GMVGI,0.37
4353-HYOJD,0.25
8671-KKKOS,0.32
8080-DDEMJ,0.46
6698-OXETB,0.26
3312-UUMZW,0.32
6376-GAHQE,0.47
0733-VUNUW,0.3
6733-LRIZX,0.34
2165-VOEGB,0.36
1853-UDXBW,0.49
9070-BCKQP,0.36
1035-IPQPU,0.38
2057-ZBLPD,0.27
6967-PEJLL,0.32
7879-CGSFV,0.34
2257-BOVXD,0.27
9822-BIIGN,0.36
1136-XGEQU,0.38
2439-LYPMQ,0.37
6543-XRMYR,0.36
5753-QQWPW,0.33
4785-QRJHC,0.37
0052-YNYOT,0.34
7054-LGEQW,0.4
0608-JDVEC,0.39
6284-KMNUF,0.33
6286-SUUWT,0.28
3594-KADLU,0.18
0536-ACXIP,0.36
8869-TORSS,0.38
0373-AIVNJ,0.23
6429-SHBCB,0.26
5751-USDBL,0.35
6815-ABQFQ,0.33
9450-TRJUU,0.36
2805-AUFQN,0.38
7855-DIWPO,0.33
0174-QRVVY,0.32
9507-EXLTT,0.51
8390-FESFV,0.33
0661-KBKPA,0.38
6856-RAURS,0.45
7322-OCWHC,0.41
2203-GHNWN,0.33
3413-CSSTH,0.36
3006-XIMLN,0.47
3750-CKVKH,0.41
0576-WNXXC,0.35
7056-IMHCC,0.4
0866-QLSIR,0.35
1628-BIZYP,0.48
2230-XTUWL,0.38
1980-KXVPM,0.53
8619-IJNDK,0.38
2960-NKRSO,0.28
6705-LXORM,0.39
7130-VTEWQ,0.4
9364-YKUVW,0.27
2761-OCIAX,0.47
7996-BPXHY,0.2
4248-QPAVC,0.35
9357-UJRUN,0.3
6340-DACFT,0.39
1023-BQXZE,0.34
5480-HPRRX,0.33
9576-SYUHJ,0.31
2169-RRLFW,0.32
8338-QIUNR,0.4
0463-TXOAK,0.36
4396-KLSEH,0.27
5186-EJEGL,0.32
9334-GWGOW,0.42
5696-JVVQY,0.37
9633-DENPU,0.36
0581-BXBUB,0.44
2750-BJLSB,0.37
2770-NSVDG,0.31
8280-MQRQN,0.36
7851-FLGGQ,0.26
9374-YOLBJ,0.29
6583-SZVGP,0.36
2150-OEGBV,0.38
9372-TXXPS,0.38
6933-FHBZC,0.29
4698-KVLLG,0.38
8752-STIVR,0.47
8623-ULFNQ,0.39
9822-WMWVG,0.35
4304-TSPVK,0.36
1716-LSAMB,0.35
3523-QRQLL,0.31
2187-PKZAY,0.25
1895-QTKDO,0.21
8161-QYMTT,0.39
2955-PSXOE,0.28
6834-NXDCA,0.25
8701-DGLVH,0.39
2480-SQIOB,0.28
4993-JCRGJ,0.33
0581-MDMPW,0.3
7789-CRUVC,0.35
0164-APGRB,0.36
8034-RYTVV,0.37
3018-TFTSU,0.25
9777-IQHWP,0.33
6899-PPEEA,0.36
6701-YVNQG,0.33
7649-PHJVR,0.26
9278-VZKCD,0.4
7636-PEPNS,0.3
1575-KRZZE,0.32
8590-OHDIW,0.43
7764-BDPEE,0.26
9480-BQJEI,0.33
3354-OADJP,0.3
3181-MIZBN,0.28
9327-QSDED,0.19
4892-VLANZ,0.29
0298-XACET,0.32
6917-FIJHC,0.32
6557-BZXLQ,0.33
2432-TFSMK,0.25
4211-MMAZN,0.28
4751-ERMAN,0.37
8430-TWCBX,0.39
1942-OQFRW,0.21
4075-JFPGR,0.33
3339-EAQNV,0.42
5329-KRDTM,0.41
0307-BCOPK,0.27
6473-ULUHT,0.2
1194-SPVSP,0.28
7249-WBIYX,0.29
2293-IJWPS,0.32
4377-VDHYI,0.3
0019-EFAEP,0.36
2480-EJWYP,0.4
8970-ANWXO,0.3
8739-WWKDU,0.31
2171-UDMFD,0.38
7036-TYDEC,0.37
3831-YCPUO,0.36
0121-SNYRK,0.32
3325-FUYCG,0.35
1952-DVVSW,0.25
3571-DPYUH,0.3
2077-MPJQO,0.45
2391-SOORI,0.3
4086-ATNFV,0.34
3396-DKDEL,0.36
7471-MQPOS,0.38
7181-OQCUT,0.33
3489-VSFRD,0.38
6283-GITPX,0.38
2845-HSJCY,0.27
7216-KAOID,0.4
6680-WKXRZ,0.4
2346-LOCWC,0.35
0769-MURVM,0.4
3374-LXDEV,0.27
5318-YKDPV,0.37
8190-ZTQFB,0.36
4512-ZUIYL,0.46
3090-QFUVD,0.28
4806-KEXQR,0.47
2369-FEVNO,0.28
9637-CDTKZ,0.36
2954-PIBKO,0.38
2212-LYASK,0.3
9481-SFCQY,0.26
2828-SLQPF,0.24
4647-MUZON,0.26
8212-DJRCH,0.44
0516-OOHAR,0.33
4973-RLZVI,0.33
8089-UZWLX,0.42
9732-KPKBW,0.33
9715-WZCLW,0.36
0257-KXZGU,0.33
0707-HOVVN,0.4
5501-TVMGM,0.33
3422-LYEPQ,0.45
2277-VWCNI,0.43
5461-QKNTN,0.33
3967-KXAPS,0.35
6919-ELBGL,0.42
8361-LTMKD,0.48
1131-ALZWV,0.32
5178-LMXOP,0.53
8992-CEUEN,0.29
3320-VEOYC,0.35
3672-YITQD,0.37
6080-TCMYC,0.35
6734-FQAJX,0.41
1063-DHQJF,0.35
3976-NLDEZ,0.28
1729-VLAZJ,0.21
3400-ESFUW,0.36
5271-YNWVR,0.36
1587-FKLZB,0.39
0958-YHXGP,0.31
1494-EJZDW,0.25
1816-FLZDK,0.23
2075-PUEPR,0.36
1833-TCXKK,0.35
1436-ZMJAN,0.26
0106-UGRDO,0.36
1069-XAIEM,0.52
4213-HKBJO,0.36
8345-MVDYC,0.35
2672-OJQZP,0.29
5136-RGMZO,0.32
5774-QPLTF,0.39
5240-CAOYT,0.3
3707-GNWHM,0.42
5159-YFPKQ,0.48
5052-PNLOS,0.48
6173-GOLSU,0.39
6661-HBGWL,0.37
8207-VVMYB,0.32
5324-KTGCG,0.34
7354-OIJLX,0.35
9286-BHDQG,0.3
3567-PQTSO,0.37
3197-ARFOY,0.44
5698-BQJOH,0.35
1090-ESELR,0.37
0056-EPFBG,0.28
4955-VCWBI,0.41
4717-GHADL,0.37
0058-EVZWM,0.32
7218-HKQFK,0.47
5057-RKGLH,0.27
2309-OSFEU,0.23
3429-IFLEM,0.38
1550-LOAHA,0.33
1400-MMYXY,0.49
7503-QQRVF,0.33
7504-UWHNB,0.32
9565-JSNFM,0.38
4735-BJKOU,0.43
3580-GICBM,0.34
7632-YUTXB,0.37
9412-ARGBX,0.32
9576-ANLXO,0.42
1110-KYLGQ,0.34
8696-JKZNU,0.37
8757-TFHHJ,0.32
2955-BJZHG,0.22
9048-JVYVF,0.41
0682-USIXD,0.27
3884-UEBXB,0.29
1776-SPBWV,0.4
9050-QLROH,0.25
2925-VDZHY,0.33
9512-UIBFX,0.24
8676-TRMJS,0.44
3334-CTHOL,0.32
6331-LWDTQ,0.25
3847-BAERP,0.25
4709-LKHYG,0.36
8621-MNIHH,0.34
8884-ADFVN,0.44
2885-HIJDH,0.32
8570-KLJYJ,0.33
9339-FIIJL,0.32
6223-DHJGV,0.41
0959-WHOKV,0.35
9610-WCESF,0.29
9279-CJEOJ,0.4
2985-FMWYF,0.29
3540-RZJYU,0.25
2522-WLNSF,0.37
6861-XWTWQ,0.43
8735-NBLWT,0.27
1744-JHKYS,0.37
0841-NULXI,0.23
4016-BJKTZ,0.34
9298-WGMRW,0.36
7893-IXHRQ,0.28
8785-CJSHH,0.33
7654-YWJUF,0.37
8909-BOLNL,0.26
9919-FZDED,0.41
0322-CHQRU,0.33
3587-PMCOY,0.34
0655-RBDUG,0.4
0983-TATYJ,0.31
5650-YLIBA,0.31
5144-TVGLP,0.35
3569-EDBPQ,0.32
4945-RVMTE,0.3
3511-BFTJW,0.29
5537-UXXVS,0.29
8782-NUUOL,0.34
2865-TCHJW,0.46
9931-KGHOA,0.35
3071-MVJCD,0.35
7279-BUYWN,0.37
3756-VNWDH,0.38
1395-OFUWC,0.38
4223-BKEOR,0.32
0040-HALCW,0.38
7124-UGSUR,0.38
7395-XWZOY,0.29
5440-VHLUL,0.37
4706-DGAHW,0.46
8166-ORCHU,0.34
3978-YNKDD,0.29
7198-GLXTC,0.5
6366-XIVKZ,0.24
5133-POWUA,0.4
8400-WZICQ,0.36
5382-SOYZL,0.29
1989-PRJHP,0.35
4154-AQUGT,0.34
0980-FEXWF,0.25
5845-BZZIB,0.42
4840-ORQXB,0.39
0295-PPHDO,0.51
8775-ERLNB,0.48
0376-YMCJC,0.3
7410-YTJIK,0.38
9927-DSWDF,0.34
6681-ZSEXG,0.36
5702-KVQRD,0.35
8711-LOBKY,0.35
9692-TUSXH,0.26
4012-YCFAI,0.37
8455-HIRAQ,0.2
7853-WNZSY,0.29
0390-DCFDQ,0.5
6421-SZVEM,0.31
3094-JOJAI,0.22
4873-ILOLJ,0.3
8181-YHCMF,0.37
3324-OIRTO,0.37
9135-HSWOC,0.34
2272-WUSPA,0.36
4627-MIHJH,0.42
3896-RCYYE,0.35
6729-GDNGC,0.39
9945-PSVIP,0.37
4137-JOPHL,0.33
2720-FVBQP,0.32
7854-EKTJL,0.25
1133-KXCGE,0.29
6048-QBXKL,0.44
6338-AVWCY,0.19
0013-MHZWF,0.32
9804-ICWBG,0.5
2368-GAKKQ,0.36
4829-AUOAX,0.32
7876-BEUTG,0.23
6349-JDHQP,0.39
3063-QFSZL,0.33
9142-XMYJH,0.36
2609-IAICY,0.52
8626-PTQGE,0.37
0230-UBYPQ,0.35
6814-ZPWFQ,0.36
5921-NGYRH,0.37
7803-XOCCZ,0.37
1459-QNFQT,0.35
3948-FVVRP,0.31
0923-PNFUB,0.43
4654-ULTTN,0.37
5628-FCGYG,0.3
0506-LVNGN,0.49
4329-YPDDQ,0.31
9866-OCCKE,0.42
0794-YVSGE,0.34
4342-HENTK,0.47
5934-TSSAU,0.33
9986-BONCE,0.27
5301-GAUUY,0.32
0725-CXOTM,0.32
2843-CQMEG,0.25
5600-PDUJF,0.31
4500-HKANN,0.3
1862-QRWPE,0.39
2155-AMQRX,0.29
0823-HSCDJ,0.35
4090-KPJIP,0.44
2737-YNGYW,0.49
5619-XZZKR,0.27
6047-YHPVI,0.39
8375-DKEBR,0.56
7729-XBTWX,0.35
4983-CLMLV,0.37
9227-LUNBG,0.26
2758-RNWXS,0.32
7055-HNEOJ,0.3
7134-MJPDY,0.39
4560-WQAQW,0.41
8532-UEFWH,0.36
8541-QVFKM,0.27
7129-ACFOG,0.34
2495-INZWQ,0.22
0263-FJTQO,0.34
0181-RITDD,0.34
8241-JUIQO,0.34
0913-XWSCN,0.33
2159-TURXX,0.27
6461-PPAXN,0.33
1452-KIOVK,0.3
1139-WUOAH,0.35
3207-OYBWH,0.37
8347-GDTMP,0.34
9909-DFRJA,0.31
6383-ZTSIW,0.37
5438-QMDDL,0.28
8914-RBTSB,0.29
6164-HXUGH,0.25
6900-RBKER,0.33
1492-QGCLU,0.32
6664-FPDAC,0.39
1088-AUUZZ,0.37
6651-AZVTJ,0.36
8219-VYBVI,0.4
0310-MVLET,0.33
7233-IOQNP,0.34
7311-MQJCH,0.27
9256-JTBNZ,0.26
8713-IGZSO,0.24
6821-BUXUX,0.27
9114-DPSIA,0.34
4501-UYKBC,0.39
2798-NYLMZ,0.36
6711-VTNRE,0.32
5966-EMAZU,0.34
3627-FHKBK,0.44
7861-UVUFT,0.25
9824-QCJPK,0.42
7816-VGHTO,0.23
3794-NFNCH,0.27
3877-JRJIP,0.33
5228-EXCET,0.24
6248-BSHKG,0.34
8915-NNTRC,0.36
3470-OBUET,0.35
3229-USWAR,0.35
1927-QEWMY,0.34
6374-AFWOX,0.4
7912-SYRQT,0.39
2070-FNEXE,0.47
5803-NQJZO,0.4
5651-YLPRD,0.28
1271-UODNO,0.34
5014-WUQMG,0.33
5889-JTMUL,0.34
0788-DXBFY,0.34
2669-QVCRG,0.35
6630-UJZMY,0.46
5061-PBXFW,0.33
2700-LUEVA,0.28
3865-ZFZIB,0.29
0471-ARVMX,0.39
8985-OOPOS,0.43
0719-SYFRB,0.22
0447-BEMNG,0.31
5630-AHZIL,0.33
2190-BCXEC,0.37
1559-DTODC,0.25
3244-DCJWY,0.45
3967-VQOGC,0.32
0265-PSUAE,0.25
1622-HSHSF,0.28
9867-XOBQA,0.31
6773-LQTVT,0.35
4332-MUOEZ,0.4
0023-XUOPT,0.26
6543-CPZMK,0.22
6418-HNFED,0.36
1036-GUDCL,0.34
4818-QIUFN,0.39
0778-NELLA,0.22
7495-OOKFY,0.39
4737-HOBAX,0.34
7919-ZODZZ,0.23
2988-PLAHS,0.42
9067-SQTNS,0.41
6483-OATDN,0.28
5469-CTCWN,0.34
3524-WQDSG,0.35
6968-URWQU,0.36
8601-QACRS,0.32
8690-UPCZI,0.34
5331-RGMTT,0.41
1357-BIJKI,0.34
2088-IEBAU,0.33
0679-IDSTG,0.5
6519-ZHPXP,0.36
2101-RANCD,0.36
4029-HPFVY,0.37
1015-OWJKI,0.29
8314-HTWVE,0.26
5357-TZHPP,0.37
8727-XDPUD,0.32
9073-ZZIAY,0.3
5181-OABFK,0.37
3812-LRZIR,0.38
5204-HMGYF,0.33
9950-MTGYX,0.37
3675-EQOZA,0.27
3646-ITDGM,0.36
3913-FCUUW,0.36
